<?xml version="1.0" encoding="UTF-8"?>
<project-private xmlns="http://www.netbeans.org/ns/project-private/1">
    <editor-bookmarks xmlns="http://www.netbeans.org/ns/editor-bookmarks/2" lastBookmarkId="0"/>
    <open-files xmlns="http://www.netbeans.org/ns/projectui-open-files/2">
        <group>
            <file>file:/C:/Users/jlope/OneDrive/Escritorio/Guia4/Guia4/src/guia4/Impresora.java</file>
            <file>file:/C:/Users/jlope/OneDrive/Escritorio/Guia4/Guia4/src/guia4/Guia4.java</file>
            <file>file:/C:/Users/jlope/OneDrive/Escritorio/Guia4/Guia4/src/guia4/Robot.java</file>
        </group>
    </open-files>
</project-private>
